timestamp,step,epoch,loss,learning_rate,grad_norm,samples_per_sec,tokens_per_sec,gpu_mem_allocated_gb,gpu_mem_peak_gb,gpu_util_pct,gpu_temp_c,gpu_power_w,elapsed_h,eta_h
2026-09-21T22:26:19+00:00,50,0.0122,3.94911,4.9000000000000005e-06,9.5599,110.29,11705.4,2.54,12.63,82.0,53.0,184.23,0.0161,1.311
2026-09-21T22:27:17+00:00,100,0.0243,3.56685,9.900000000000002e-06,3.6028,111.18,11813.8,2.54,12.64,88.0,56.0,186.27,0.0321,1.289
2026-09-21T22:28:14+00:00,150,0.0365,3.2868,1.49e-05,1.9182,110.57,11855.3,2.54,12.64,89.0,56.0,186.95,0.0482,1.274
2026-09-21T22:29:12+00:00,200,0.0486,3.14473,1.9900000000000003e-05,1.7731,110.78,11783.8,2.54,12.64,91.0,57.0,188.3,0.0642,1.257
2026-09-21T22:30:10+00:00,250,0.0608,3.01302,2.4900000000000002e-05,1.4436,111.38,11665.2,2.54,12.64,81.0,56.0,188.64,0.0802,1.24
2026-09-21T22:31:08+00:00,300,0.0729,2.93663,2.9900000000000002e-05,1.3611,110.05,11889.1,2.54,12.64,90.0,57.0,188.65,0.0964,1.225
2026-09-21T22:32:06+00:00,350,0.0851,2.8716,3.49e-05,1.5219,110.57,11819.1,2.54,12.64,88.0,57.0,187.84,0.1124,1.209
2026-09-21T22:33:04+00:00,400,0.0972,2.81909,3.99e-05,1.3275,110.06,11901.8,2.54,12.64,90.0,58.0,188.92,0.1286,1.194
2026-09-21T22:34:01+00:00,450,0.1094,2.78387,4.49e-05,1.2965,111.0,11739.4,2.54,12.64,91.0,57.0,189.4,0.1446,1.178
2026-09-21T22:34:59+00:00,500,0.1215,2.75149,4.99e-05,1.5308,110.93,11745.5,2.54,12.64,88.0,58.0,190.4,0.1606,1.161
2026-09-21T22:35:57+00:00,550,0.1337,2.72077,5.4900000000000006e-05,1.4341,111.26,11638.0,2.54,12.64,89.0,58.0,188.44,0.1766,1.145
2026-09-21T22:36:55+00:00,600,0.1458,2.68007,5.99e-05,1.1469,110.5,11801.5,2.54,12.64,89.0,57.0,189.05,0.1927,1.129
2026-09-21T22:37:53+00:00,650,0.158,2.65892,6.49e-05,1.1508,108.97,11698.9,2.54,12.64,81.0,56.0,187.63,0.209,1.114
2026-09-21T22:38:51+00:00,700,0.1701,2.64284,6.99e-05,1.1287,110.6,11723.6,2.54,12.64,89.0,57.0,189.03,0.2251,1.098
2026-09-21T22:39:49+00:00,750,0.1823,2.60342,7.49e-05,1.2402,110.63,11720.0,2.54,12.64,74.0,58.0,186.91,0.2412,1.082
2026-09-21T22:40:47+00:00,800,0.1944,2.59065,7.99e-05,1.1518,110.21,11823.9,2.54,12.64,88.0,58.0,188.42,0.2573,1.066
2026-09-21T22:41:45+00:00,850,0.2066,2.57062,8.49e-05,1.2286,110.5,11771.4,2.54,12.64,81.0,56.0,187.71,0.2734,1.05
2026-09-21T22:42:43+00:00,900,0.2187,2.56504,8.99e-05,1.1194,110.77,11709.0,2.54,12.64,89.0,57.0,188.81,0.2894,1.034
2026-09-21T22:43:41+00:00,950,0.2309,2.54361,9.49e-05,1.1213,110.52,11757.2,2.54,12.64,88.0,58.0,187.92,0.3055,1.018
2026-09-21T22:44:39+00:00,1000,0.243,2.54027,9.99e-05,1.6692,110.61,11733.5,2.54,12.64,91.0,57.0,189.36,0.3216,1.002
2026-09-21T22:46:14+00:00,1050,0.2552,2.52432,9.842696629213483e-05,1.2744,109.58,11631.1,2.54,12.64,91.0,58.0,188.41,0.3479,1.016
2026-09-21T22:47:12+00:00,1100,0.2673,2.49617,9.682182985553772e-05,1.0063,110.3,11750.5,2.54,12.64,88.0,58.0,188.15,0.3641,0.998
2026-09-21T22:48:10+00:00,1150,0.2795,2.46253,9.521669341894061e-05,1.1775,110.32,11760.6,2.54,12.64,89.0,57.0,188.4,0.3802,0.98
2026-09-21T22:49:08+00:00,1200,0.2916,2.474,9.36115569823435e-05,1.0064,110.18,11742.1,2.54,12.64,89.0,58.0,189.78,0.3963,0.963
2026-09-21T22:50:06+00:00,1250,0.3038,2.46901,9.200642054574639e-05,1.1052,110.6,11665.8,2.54,12.64,78.0,58.0,186.73,0.4124,0.945
2026-09-21T22:51:03+00:00,1300,0.3159,2.46418,9.040128410914928e-05,1.003,110.6,11691.8,2.54,12.64,87.0,58.0,187.71,0.4285,0.928
2026-09-21T22:52:01+00:00,1350,0.3281,2.4606,8.879614767255216e-05,1.0739,110.26,11761.9,2.54,12.64,86.0,58.0,187.77,0.4446,0.911
2026-09-21T22:52:59+00:00,1400,0.3402,2.43409,8.719101123595505e-05,1.7132,110.49,11714.6,2.54,12.64,89.0,58.0,189.68,0.4607,0.893
2026-09-21T22:53:57+00:00,1450,0.3524,2.41702,8.558587479935794e-05,1.3026,110.86,11617.7,2.54,12.64,88.0,57.0,186.98,0.4767,0.876
2026-09-21T22:54:55+00:00,1500,0.3645,2.42753,8.398073836276083e-05,1.2336,110.42,11713.1,2.54,12.64,91.0,58.0,188.88,0.4928,0.859
2026-09-21T22:55:53+00:00,1550,0.3767,2.41145,8.237560192616372e-05,0.9821,110.15,11794.0,2.54,12.64,91.0,58.0,190.9,0.5089,0.842
2026-09-21T22:56:51+00:00,1600,0.3888,2.41757,8.077046548956661e-05,1.0406,110.62,11663.5,2.54,12.64,81.0,56.0,187.86,0.525,0.825
2026-09-21T22:57:49+00:00,1650,0.401,2.38688,7.91653290529695e-05,0.9923,110.27,11693.0,2.54,12.64,89.0,58.0,188.16,0.5411,0.808
2026-09-21T22:58:47+00:00,1700,0.4131,2.40301,7.756019261637239e-05,1.0676,110.68,11652.4,2.54,12.64,89.0,57.0,188.51,0.5572,0.792
2026-09-21T22:59:45+00:00,1750,0.4253,2.40301,7.595505617977528e-05,1.4226,109.38,11937.6,2.54,12.64,89.0,57.0,188.47,0.5735,0.775
2026-09-21T23:00:44+00:00,1800,0.4374,2.38514,7.434991974317817e-05,0.9825,109.95,11735.3,2.54,12.64,89.0,58.0,187.5,0.5896,0.758
2026-09-21T23:01:42+00:00,1850,0.4496,2.39596,7.274478330658106e-05,1.2017,110.13,11653.4,2.54,12.64,86.0,58.0,185.22,0.6058,0.742
2026-09-21T23:02:40+00:00,1900,0.4617,2.37036,7.113964686998395e-05,1.1833,110.45,11674.7,2.54,12.64,76.0,58.0,187.36,0.6219,0.725
2026-09-21T23:03:37+00:00,1950,0.4739,2.37066,6.953451043338684e-05,0.9778,110.68,11599.5,2.54,12.64,89.0,58.0,189.78,0.6379,0.708
2026-09-21T23:04:36+00:00,2000,0.486,2.35807,6.792937399678973e-05,1.1328,109.77,11763.9,2.54,12.64,89.0,58.0,191.12,0.6541,0.692
2026-09-21T23:06:07+00:00,2050,0.4982,2.375,6.632423756019261e-05,1.0175,107.63,11461.1,2.54,12.64,84.0,56.0,189.5,0.6794,0.684
2026-09-21T23:07:05+00:00,2100,0.5103,2.3736,6.47191011235955e-05,1.183,110.49,11578.6,2.54,12.64,68.0,58.0,185.07,0.6955,0.667
2026-09-21T23:08:03+00:00,2150,0.5225,2.34896,6.311396468699839e-05,1.3689,109.59,11625.1,2.54,12.64,83.0,57.0,187.34,0.7117,0.651
2026-09-21T23:09:01+00:00,2200,0.5346,2.35778,6.150882825040128e-05,1.0036,110.16,11631.8,2.54,12.64,80.0,57.0,186.44,0.7279,0.634
2026-09-21T23:10:00+00:00,2250,0.5468,2.35053,5.990369181380417e-05,1.0451,109.84,11724.5,2.54,12.64,89.0,57.0,187.76,0.7441,0.617
2026-09-21T23:10:58+00:00,2300,0.5589,2.34054,5.829855537720706e-05,1.0166,109.87,11725.6,2.54,12.64,76.0,58.0,186.36,0.7602,0.6
2026-09-21T23:11:56+00:00,2350,0.5711,2.34204,5.669341894060995e-05,4.3564,109.52,11811.8,2.54,12.64,89.0,58.0,189.77,0.7765,0.583
2026-09-21T23:12:54+00:00,2400,0.5832,2.3425,5.5088282504012844e-05,1.0274,110.52,11670.3,2.54,12.64,88.0,58.0,188.79,0.7926,0.566
2026-09-21T23:13:52+00:00,2450,0.5954,2.34477,5.3483146067415734e-05,1.1205,110.38,11651.2,2.54,12.64,90.0,58.0,189.73,0.8087,0.55
2026-09-21T23:14:50+00:00,2500,0.6076,2.33758,5.1878009630818624e-05,1.1351,110.05,11688.1,2.54,12.64,83.0,56.0,187.03,0.8248,0.533
2026-09-21T23:15:49+00:00,2550,0.6197,2.33886,5.0272873194221515e-05,1.0392,109.6,11785.5,2.54,12.64,87.0,58.0,187.21,0.841,0.516
2026-09-21T23:16:47+00:00,2600,0.6319,2.33661,4.86677367576244e-05,1.1482,110.24,11692.3,2.54,12.64,91.0,58.0,188.29,0.8572,0.499
2026-09-21T23:17:45+00:00,2650,0.644,2.34258,4.706260032102729e-05,1.2358,109.66,11765.6,2.54,12.64,80.0,56.0,185.87,0.8734,0.483
2026-09-21T23:18:43+00:00,2700,0.6562,2.3227,4.545746388443018e-05,1.0085,109.72,11752.7,2.54,12.64,89.0,58.0,188.26,0.8896,0.466
2026-09-21T23:19:42+00:00,2750,0.6683,2.32405,4.385232744783307e-05,0.8886,109.88,11721.4,2.54,12.64,89.0,57.0,187.17,0.9058,0.45
2026-09-21T23:20:40+00:00,2800,0.6805,2.32736,4.224719101123596e-05,1.068,109.96,11680.6,2.54,12.64,89.0,57.0,187.59,0.9219,0.433
2026-09-21T23:21:38+00:00,2850,0.6926,2.31602,4.064205457463884e-05,0.8596,109.46,11827.7,2.54,12.64,92.0,58.0,188.99,0.9382,0.416
2026-09-21T23:22:37+00:00,2900,0.7048,2.33083,3.9036918138041733e-05,1.0287,109.63,11803.9,2.54,12.64,83.0,58.0,188.15,0.9544,0.4
2026-09-21T23:23:35+00:00,2950,0.7169,2.31026,3.7431781701444624e-05,1.0894,110.1,11712.6,2.54,12.64,89.0,58.0,190.39,0.9705,0.383
2026-09-21T23:24:33+00:00,3000,0.7291,2.32127,3.5826645264847514e-05,0.9691,110.14,11685.2,2.54,12.64,89.0,58.0,187.91,0.9867,0.367
2026-09-21T23:26:07+00:00,3050,0.7412,2.32107,3.4221508828250404e-05,1.0474,101.68,10703.0,2.54,12.64,86.0,55.0,187.98,1.0128,0.354
2026-09-21T23:27:05+00:00,3100,0.7534,2.30249,3.2616372391653295e-05,0.9314,109.66,11613.3,2.54,12.64,92.0,57.0,187.76,1.029,0.337
2026-09-21T23:28:03+00:00,3150,0.7655,2.31134,3.1011235955056185e-05,1.1259,110.46,11639.9,2.54,12.64,88.0,58.0,187.5,1.0451,0.32
2026-09-21T23:29:01+00:00,3200,0.7777,2.31505,2.940609951845907e-05,0.9348,110.53,11675.0,2.54,12.64,86.0,58.0,188.01,1.0612,0.303
2026-09-21T23:29:59+00:00,3250,0.7898,2.30506,2.780096308186196e-05,1.0393,110.22,11766.6,2.54,12.64,90.0,57.0,188.45,1.0773,0.287
2026-09-21T23:30:57+00:00,3300,0.802,2.30753,2.619582664526485e-05,0.9504,110.85,11632.8,2.54,12.64,87.0,58.0,188.22,1.0933,0.27
2026-09-21T23:31:55+00:00,3350,0.8141,2.31441,2.459069020866774e-05,0.946,110.55,11682.4,2.54,12.64,89.0,58.0,188.55,1.1094,0.253
2026-09-21T23:32:53+00:00,3400,0.8263,2.30583,2.2985553772070627e-05,1.094,110.13,11772.7,2.54,12.64,85.0,56.0,187.23,1.1256,0.237
2026-09-21T23:33:51+00:00,3450,0.8384,2.2994,2.1380417335473517e-05,1.0968,110.38,11742.2,2.54,12.64,88.0,57.0,190.71,1.1417,0.22
2026-09-21T23:34:49+00:00,3500,0.8506,2.3128,1.9775280898876404e-05,1.0052,110.62,11678.7,2.54,12.64,83.0,58.0,186.84,1.1577,0.203
2026-09-21T23:35:47+00:00,3550,0.8627,2.29925,1.8170144462279294e-05,0.9801,110.18,11744.9,2.54,12.64,66.0,57.0,185.15,1.1739,0.187
2026-09-21T23:36:45+00:00,3600,0.8749,2.2983,1.656500802568218e-05,1.1715,110.46,11694.8,2.54,12.64,90.0,58.0,189.36,1.19,0.17
2026-09-21T23:37:43+00:00,3650,0.887,2.30297,1.4959871589085073e-05,1.0233,110.91,11619.6,2.54,12.64,90.0,58.0,188.85,1.206,0.154
2026-09-21T23:38:40+00:00,3700,0.8992,2.30696,1.3354735152487962e-05,1.2221,110.84,11614.0,2.54,12.64,84.0,56.0,188.05,1.222,0.137
2026-09-21T23:39:38+00:00,3750,0.9113,2.30109,1.174959871589085e-05,0.9687,110.36,11748.1,2.54,12.64,89.0,58.0,188.23,1.2381,0.121
2026-09-21T23:40:36+00:00,3800,0.9235,2.28989,1.014446227929374e-05,1.1158,110.39,11699.7,2.54,12.64,89.0,58.0,188.41,1.2542,0.104
2026-09-21T23:41:34+00:00,3850,0.9356,2.31056,8.53932584269663e-06,0.9262,111.0,11604.8,2.54,12.64,69.0,57.0,185.84,1.2703,0.087
2026-09-21T23:42:32+00:00,3900,0.9478,2.30882,6.934189406099518e-06,1.0621,110.5,11651.2,2.54,12.64,83.0,58.0,186.11,1.2863,0.071
2026-09-21T23:43:29+00:00,3950,0.9599,2.31516,5.329052969502408e-06,0.9027,111.16,11597.1,2.54,12.64,80.0,56.0,185.03,1.3023,0.054
2026-09-21T23:44:27+00:00,4000,0.9721,2.29136,3.7239165329052972e-06,1.0813,110.43,11713.1,2.54,12.64,89.0,58.0,190.28,1.3184,0.038
2026-09-21T23:46:03+00:00,4050,0.9842,2.30142,2.1187800963081863e-06,1.1565,106.97,11454.3,2.54,12.64,74.0,57.0,184.47,1.345,0.022
2026-09-21T23:47:01+00:00,4100,0.9964,2.29786,5.136436597110755e-07,0.9705,110.69,11705.8,2.54,12.64,89.0,58.0,189.2,1.361,0.005
