exp_id,paper_arm,test_set,subset,direction,model_variant,metric,value,ci_low,ci_high,n,source_file,source_sha256
E00_base,M0,flores_devtest,full,mk_sq,base,bleu,22.08,,,1012,experiments/E00_base/results/flores_results.csv,a7a925c30667b7cf3bedd77f0479631ef6070acfad7df3350bbe2d0b194dbf2f
E00_base,M0,flores_devtest,full,mk_sq,base,bleu_bootstrap_mean,22.06,21.21,22.92,1012,experiments/E01_gazette_verbis_mix/results.json,6b193d2e27554bbd95d725de5266bfec179448002b6ee8dd0eeb2ac83058e9b5
E00_base,M0,flores_devtest,full,mk_sq,base,chrf,48.58,,,1012,experiments/E00_base/results/flores_results.csv,a7a925c30667b7cf3bedd77f0479631ef6070acfad7df3350bbe2d0b194dbf2f
E00_base,M0,flores_devtest,full,mk_sq,base,chrf_bootstrap_mean,48.57,47.84,49.29,1012,experiments/E01_gazette_verbis_mix/results.json,6b193d2e27554bbd95d725de5266bfec179448002b6ee8dd0eeb2ac83058e9b5
E00_base,M0,flores_devtest,full,sq_mk,base,bleu,21.39,,,1012,experiments/E00_base/results/flores_results.csv,a7a925c30667b7cf3bedd77f0479631ef6070acfad7df3350bbe2d0b194dbf2f
E00_base,M0,flores_devtest,full,sq_mk,base,bleu_bootstrap_mean,21.35,20.48,22.21,1012,experiments/E01_gazette_verbis_mix/results.json,6b193d2e27554bbd95d725de5266bfec179448002b6ee8dd0eeb2ac83058e9b5
E00_base,M0,flores_devtest,full,sq_mk,base,chrf,49.5,,,1012,experiments/E00_base/results/flores_results.csv,a7a925c30667b7cf3bedd77f0479631ef6070acfad7df3350bbe2d0b194dbf2f
E00_base,M0,flores_devtest,full,sq_mk,base,chrf_bootstrap_mean,49.49,48.76,50.22,1012,experiments/E01_gazette_verbis_mix/results.json,6b193d2e27554bbd95d725de5266bfec179448002b6ee8dd0eeb2ac83058e9b5
E00_base,M0,gazette_test,all,mk_sq,base,bleu,27.74,,,10174,experiments/E00_base/analysis/gazette_test_overlap_results.csv,5e4414fd4c5815bd0129a9b37743306754e5674d3c5e0c336378cef50b0a42ec
E00_base,M0,gazette_test,all,mk_sq,base,chrf,50.3,,,10174,experiments/E00_base/analysis/gazette_test_overlap_results.csv,5e4414fd4c5815bd0129a9b37743306754e5674d3c5e0c336378cef50b0a42ec
E00_base,M0,gazette_test,all,sq_mk,base,bleu,29.63,,,10174,experiments/E00_base/analysis/gazette_test_overlap_results.csv,5e4414fd4c5815bd0129a9b37743306754e5674d3c5e0c336378cef50b0a42ec
E00_base,M0,gazette_test,all,sq_mk,base,chrf,52.46,,,10174,experiments/E00_base/analysis/gazette_test_overlap_results.csv,5e4414fd4c5815bd0129a9b37743306754e5674d3c5e0c336378cef50b0a42ec
E00_base,M0,gazette_test,all_sentences,mk_sq,base,number_match_pct,78.16,,,10174,experiments/E00_base/analysis/number_fidelity_results.csv,842ad61fd4c397267b68ec1873e4ae853eaf8eab3418a0da9ac531fa05f681f4
E00_base,M0,gazette_test,all_sentences,sq_mk,base,number_match_pct,71.21,,,10174,experiments/E00_base/analysis/number_fidelity_results.csv,842ad61fd4c397267b68ec1873e4ae853eaf8eab3418a0da9ac531fa05f681f4
E00_base,M0,gazette_test,all_terms,mk_sq,base,tsr,56.28,,,20049,experiments/E00_base/analysis/terminology_results.csv,033fb11ec3f5091e0c2ec262a34d5da62bb958c4a745f81d1591d9a926d8a86c
E00_base,M0,gazette_test,all_terms,sq_mk,base,tsr,55.24,,,9863,experiments/E00_base/analysis/terminology_results.csv,033fb11ec3f5091e0c2ec262a34d5da62bb958c4a745f81d1591d9a926d8a86c
E00_base,M0,gazette_test,exact_template,mk_sq,base,bleu,32.67,,,1856,experiments/E00_base/analysis/gazette_test_overlap_results.csv,5e4414fd4c5815bd0129a9b37743306754e5674d3c5e0c336378cef50b0a42ec
E00_base,M0,gazette_test,exact_template,mk_sq,base,chrf,51.88,,,1856,experiments/E00_base/analysis/gazette_test_overlap_results.csv,5e4414fd4c5815bd0129a9b37743306754e5674d3c5e0c336378cef50b0a42ec
E00_base,M0,gazette_test,exact_template,sq_mk,base,bleu,21.17,,,1856,experiments/E00_base/analysis/gazette_test_overlap_results.csv,5e4414fd4c5815bd0129a9b37743306754e5674d3c5e0c336378cef50b0a42ec
E00_base,M0,gazette_test,exact_template,sq_mk,base,chrf,50.45,,,1856,experiments/E00_base/analysis/gazette_test_overlap_results.csv,5e4414fd4c5815bd0129a9b37743306754e5674d3c5e0c336378cef50b0a42ec
E00_base,M0,gazette_test,full,mk_sq,base,bleu,27.74,,,10174,experiments/E00_base/results/gazette_test_results.csv,85bc96c507d5577253944a7ad7d913ff5f5a5be9b6d5d10803cd7ceccde217c2
E00_base,M0,gazette_test,full,mk_sq,base,bleu_bootstrap_mean,27.75,27.21,28.29,10174,experiments/E01_gazette_verbis_mix/results.json,6b193d2e27554bbd95d725de5266bfec179448002b6ee8dd0eeb2ac83058e9b5
E00_base,M0,gazette_test,full,mk_sq,base,chrf,50.3,,,10174,experiments/E00_base/results/gazette_test_results.csv,85bc96c507d5577253944a7ad7d913ff5f5a5be9b6d5d10803cd7ceccde217c2
E00_base,M0,gazette_test,full,mk_sq,base,chrf_bootstrap_mean,50.3,49.86,50.74,10174,experiments/E01_gazette_verbis_mix/results.json,6b193d2e27554bbd95d725de5266bfec179448002b6ee8dd0eeb2ac83058e9b5
E00_base,M0,gazette_test,full,sq_mk,base,bleu,29.63,,,10174,experiments/E00_base/results/gazette_test_results.csv,85bc96c507d5577253944a7ad7d913ff5f5a5be9b6d5d10803cd7ceccde217c2
E00_base,M0,gazette_test,full,sq_mk,base,bleu_bootstrap_mean,29.65,28.95,30.35,10174,experiments/E01_gazette_verbis_mix/results.json,6b193d2e27554bbd95d725de5266bfec179448002b6ee8dd0eeb2ac83058e9b5
E00_base,M0,gazette_test,full,sq_mk,base,chrf,52.46,,,10174,experiments/E00_base/results/gazette_test_results.csv,85bc96c507d5577253944a7ad7d913ff5f5a5be9b6d5d10803cd7ceccde217c2
E00_base,M0,gazette_test,full,sq_mk,base,chrf_bootstrap_mean,52.47,52.0,52.94,10174,experiments/E01_gazette_verbis_mix/results.json,6b193d2e27554bbd95d725de5266bfec179448002b6ee8dd0eeb2ac83058e9b5
E00_base,M0,gazette_test,near_duplicate,mk_sq,base,bleu,28.5,,,3087,experiments/E00_base/analysis/gazette_test_overlap_results.csv,5e4414fd4c5815bd0129a9b37743306754e5674d3c5e0c336378cef50b0a42ec
E00_base,M0,gazette_test,near_duplicate,mk_sq,base,chrf,50.59,,,3087,experiments/E00_base/analysis/gazette_test_overlap_results.csv,5e4414fd4c5815bd0129a9b37743306754e5674d3c5e0c336378cef50b0a42ec
E00_base,M0,gazette_test,near_duplicate,sq_mk,base,bleu,31.25,,,3087,experiments/E00_base/analysis/gazette_test_overlap_results.csv,5e4414fd4c5815bd0129a9b37743306754e5674d3c5e0c336378cef50b0a42ec
E00_base,M0,gazette_test,near_duplicate,sq_mk,base,chrf,53.09,,,3087,experiments/E00_base/analysis/gazette_test_overlap_results.csv,5e4414fd4c5815bd0129a9b37743306754e5674d3c5e0c336378cef50b0a42ec
E00_base,M0,gazette_test,novel,mk_sq,base,bleu,26.46,,,5231,experiments/E00_base/analysis/gazette_test_overlap_results.csv,5e4414fd4c5815bd0129a9b37743306754e5674d3c5e0c336378cef50b0a42ec
E00_base,M0,gazette_test,novel,mk_sq,base,chrf,49.88,,,5231,experiments/E00_base/analysis/gazette_test_overlap_results.csv,5e4414fd4c5815bd0129a9b37743306754e5674d3c5e0c336378cef50b0a42ec
E00_base,M0,gazette_test,novel,sq_mk,base,bleu,29.93,,,5231,experiments/E00_base/analysis/gazette_test_overlap_results.csv,5e4414fd4c5815bd0129a9b37743306754e5674d3c5e0c336378cef50b0a42ec
E00_base,M0,gazette_test,novel,sq_mk,base,chrf,52.45,,,5231,experiments/E00_base/analysis/gazette_test_overlap_results.csv,5e4414fd4c5815bd0129a9b37743306754e5674d3c5e0c336378cef50b0a42ec
E00_base,M0,gazette_test,rare_terms,mk_sq,base,tsr,30.91,,,220,experiments/E00_base/analysis/terminology_results.csv,033fb11ec3f5091e0c2ec262a34d5da62bb958c4a745f81d1591d9a926d8a86c
E00_base,M0,gazette_test,rare_terms,sq_mk,base,tsr,35.94,,,128,experiments/E00_base/analysis/terminology_results.csv,033fb11ec3f5091e0c2ec262a34d5da62bb958c4a745f81d1591d9a926d8a86c
E00_base,M0,gazette_test,with_numbers,mk_sq,base,number_match_pct,72.74,,,8130,experiments/E00_base/analysis/number_fidelity_results.csv,842ad61fd4c397267b68ec1873e4ae853eaf8eab3418a0da9ac531fa05f681f4
E00_base,M0,gazette_test,with_numbers,sq_mk,base,number_match_pct,64.89,,,8320,experiments/E00_base/analysis/number_fidelity_results.csv,842ad61fd4c397267b68ec1873e4ae853eaf8eab3418a0da9ac531fa05f681f4
E00_base,M0,ntrex,full,mk_sq,base,bleu,23.14,,,1997,experiments/E00_base/results/ntrex_results.csv,ea035aa4c5ee25f71652c4c66470ed3add70999000be275446023f97518fa0e8
E00_base,M0,ntrex,full,mk_sq,base,bleu_bootstrap_mean,23.14,22.53,23.74,1997,experiments/E01_gazette_verbis_mix/results.json,6b193d2e27554bbd95d725de5266bfec179448002b6ee8dd0eeb2ac83058e9b5
E00_base,M0,ntrex,full,mk_sq,base,chrf,48.91,,,1997,experiments/E00_base/results/ntrex_results.csv,ea035aa4c5ee25f71652c4c66470ed3add70999000be275446023f97518fa0e8
E00_base,M0,ntrex,full,mk_sq,base,chrf_bootstrap_mean,48.91,48.42,49.4,1997,experiments/E01_gazette_verbis_mix/results.json,6b193d2e27554bbd95d725de5266bfec179448002b6ee8dd0eeb2ac83058e9b5
E00_base,M0,ntrex,full,sq_mk,base,bleu,21.25,,,1997,experiments/E00_base/results/ntrex_results.csv,ea035aa4c5ee25f71652c4c66470ed3add70999000be275446023f97518fa0e8
E00_base,M0,ntrex,full,sq_mk,base,bleu_bootstrap_mean,21.25,20.54,21.96,1997,experiments/E01_gazette_verbis_mix/results.json,6b193d2e27554bbd95d725de5266bfec179448002b6ee8dd0eeb2ac83058e9b5
E00_base,M0,ntrex,full,sq_mk,base,chrf,49.54,,,1997,experiments/E00_base/results/ntrex_results.csv,ea035aa4c5ee25f71652c4c66470ed3add70999000be275446023f97518fa0e8
E00_base,M0,ntrex,full,sq_mk,base,chrf_bootstrap_mean,49.55,48.98,50.11,1997,experiments/E01_gazette_verbis_mix/results.json,6b193d2e27554bbd95d725de5266bfec179448002b6ee8dd0eeb2ac83058e9b5
E01_gazette_verbis_mix,M7-mix + D3,flores_devtest,full,mk_sq,finetuned_ct2,bleu,19.22,,,1012,experiments/E01_gazette_verbis_mix/results/flores_results.csv,852f8b56618255974a7185c5be2efde814478ebbedc24746bcc4361e319e917d
E01_gazette_verbis_mix,M7-mix + D3,flores_devtest,full,mk_sq,finetuned_ct2,bleu_bootstrap_mean,19.21,18.39,20.02,1012,experiments/E01_gazette_verbis_mix/results.json,6b193d2e27554bbd95d725de5266bfec179448002b6ee8dd0eeb2ac83058e9b5
E01_gazette_verbis_mix,M7-mix + D3,flores_devtest,full,mk_sq,finetuned_ct2,bleu_delta_vs_base,-2.86,,,1012,experiments/E01_gazette_verbis_mix/results/flores_results.csv,852f8b56618255974a7185c5be2efde814478ebbedc24746bcc4361e319e917d
E01_gazette_verbis_mix,M7-mix + D3,flores_devtest,full,mk_sq,finetuned_ct2,bleu_p_vs_finetuned_hf,0.027,,,1012,experiments/E01_gazette_verbis_mix/results.json,6b193d2e27554bbd95d725de5266bfec179448002b6ee8dd0eeb2ac83058e9b5
E01_gazette_verbis_mix,M7-mix + D3,flores_devtest,full,mk_sq,finetuned_ct2,chrf,46.57,,,1012,experiments/E01_gazette_verbis_mix/results/flores_results.csv,852f8b56618255974a7185c5be2efde814478ebbedc24746bcc4361e319e917d
E01_gazette_verbis_mix,M7-mix + D3,flores_devtest,full,mk_sq,finetuned_ct2,chrf_bootstrap_mean,46.56,45.92,47.2,1012,experiments/E01_gazette_verbis_mix/results.json,6b193d2e27554bbd95d725de5266bfec179448002b6ee8dd0eeb2ac83058e9b5
E01_gazette_verbis_mix,M7-mix + D3,flores_devtest,full,mk_sq,finetuned_ct2,chrf_delta_vs_base,-2.01,,,1012,experiments/E01_gazette_verbis_mix/results/flores_results.csv,852f8b56618255974a7185c5be2efde814478ebbedc24746bcc4361e319e917d
E01_gazette_verbis_mix,M7-mix + D3,flores_devtest,full,mk_sq,finetuned_ct2,chrf_p_vs_finetuned_hf,0.2118,,,1012,experiments/E01_gazette_verbis_mix/results.json,6b193d2e27554bbd95d725de5266bfec179448002b6ee8dd0eeb2ac83058e9b5
E01_gazette_verbis_mix,M7-mix + D3,flores_devtest,full,mk_sq,finetuned_hf,bleu,19.45,,,1012,experiments/E01_gazette_verbis_mix/results/flores_results.csv,852f8b56618255974a7185c5be2efde814478ebbedc24746bcc4361e319e917d
E01_gazette_verbis_mix,M7-mix + D3,flores_devtest,full,mk_sq,finetuned_hf,bleu_bootstrap_mean,19.44,18.64,20.24,1012,experiments/E01_gazette_verbis_mix/results.json,6b193d2e27554bbd95d725de5266bfec179448002b6ee8dd0eeb2ac83058e9b5
E01_gazette_verbis_mix,M7-mix + D3,flores_devtest,full,mk_sq,finetuned_hf,bleu_delta_vs_base,-2.63,,,1012,experiments/E01_gazette_verbis_mix/results/flores_results.csv,852f8b56618255974a7185c5be2efde814478ebbedc24746bcc4361e319e917d
E01_gazette_verbis_mix,M7-mix + D3,flores_devtest,full,mk_sq,finetuned_hf,bleu_p_vs_base,0.001,,,1012,experiments/E01_gazette_verbis_mix/results.json,6b193d2e27554bbd95d725de5266bfec179448002b6ee8dd0eeb2ac83058e9b5
E01_gazette_verbis_mix,M7-mix + D3,flores_devtest,full,mk_sq,finetuned_hf,chrf,46.61,,,1012,experiments/E01_gazette_verbis_mix/results/flores_results.csv,852f8b56618255974a7185c5be2efde814478ebbedc24746bcc4361e319e917d
E01_gazette_verbis_mix,M7-mix + D3,flores_devtest,full,mk_sq,finetuned_hf,chrf_bootstrap_mean,46.59,45.94,47.25,1012,experiments/E01_gazette_verbis_mix/results.json,6b193d2e27554bbd95d725de5266bfec179448002b6ee8dd0eeb2ac83058e9b5
E01_gazette_verbis_mix,M7-mix + D3,flores_devtest,full,mk_sq,finetuned_hf,chrf_delta_vs_base,-1.98,,,1012,experiments/E01_gazette_verbis_mix/results/flores_results.csv,852f8b56618255974a7185c5be2efde814478ebbedc24746bcc4361e319e917d
E01_gazette_verbis_mix,M7-mix + D3,flores_devtest,full,mk_sq,finetuned_hf,chrf_p_vs_base,0.001,,,1012,experiments/E01_gazette_verbis_mix/results.json,6b193d2e27554bbd95d725de5266bfec179448002b6ee8dd0eeb2ac83058e9b5
E01_gazette_verbis_mix,M7-mix + D3,flores_devtest,full,sq_mk,finetuned_ct2,bleu,18.83,,,1012,experiments/E01_gazette_verbis_mix/results/flores_results.csv,852f8b56618255974a7185c5be2efde814478ebbedc24746bcc4361e319e917d
E01_gazette_verbis_mix,M7-mix + D3,flores_devtest,full,sq_mk,finetuned_ct2,bleu_bootstrap_mean,18.83,17.87,19.79,1012,experiments/E01_gazette_verbis_mix/results.json,6b193d2e27554bbd95d725de5266bfec179448002b6ee8dd0eeb2ac83058e9b5
E01_gazette_verbis_mix,M7-mix + D3,flores_devtest,full,sq_mk,finetuned_ct2,bleu_delta_vs_base,-2.56,,,1012,experiments/E01_gazette_verbis_mix/results/flores_results.csv,852f8b56618255974a7185c5be2efde814478ebbedc24746bcc4361e319e917d
E01_gazette_verbis_mix,M7-mix + D3,flores_devtest,full,sq_mk,finetuned_ct2,bleu_p_vs_finetuned_hf,0.2687,,,1012,experiments/E01_gazette_verbis_mix/results.json,6b193d2e27554bbd95d725de5266bfec179448002b6ee8dd0eeb2ac83058e9b5
E01_gazette_verbis_mix,M7-mix + D3,flores_devtest,full,sq_mk,finetuned_ct2,chrf,48.97,,,1012,experiments/E01_gazette_verbis_mix/results/flores_results.csv,852f8b56618255974a7185c5be2efde814478ebbedc24746bcc4361e319e917d
E01_gazette_verbis_mix,M7-mix + D3,flores_devtest,full,sq_mk,finetuned_ct2,chrf_bootstrap_mean,48.96,48.24,49.68,1012,experiments/E01_gazette_verbis_mix/results.json,6b193d2e27554bbd95d725de5266bfec179448002b6ee8dd0eeb2ac83058e9b5
E01_gazette_verbis_mix,M7-mix + D3,flores_devtest,full,sq_mk,finetuned_ct2,chrf_delta_vs_base,-0.53,,,1012,experiments/E01_gazette_verbis_mix/results/flores_results.csv,852f8b56618255974a7185c5be2efde814478ebbedc24746bcc4361e319e917d
E01_gazette_verbis_mix,M7-mix + D3,flores_devtest,full,sq_mk,finetuned_ct2,chrf_p_vs_finetuned_hf,0.1339,,,1012,experiments/E01_gazette_verbis_mix/results.json,6b193d2e27554bbd95d725de5266bfec179448002b6ee8dd0eeb2ac83058e9b5
E01_gazette_verbis_mix,M7-mix + D3,flores_devtest,full,sq_mk,finetuned_hf,bleu,18.89,,,1012,experiments/E01_gazette_verbis_mix/results/flores_results.csv,852f8b56618255974a7185c5be2efde814478ebbedc24746bcc4361e319e917d
E01_gazette_verbis_mix,M7-mix + D3,flores_devtest,full,sq_mk,finetuned_hf,bleu_bootstrap_mean,18.89,17.88,19.89,1012,experiments/E01_gazette_verbis_mix/results.json,6b193d2e27554bbd95d725de5266bfec179448002b6ee8dd0eeb2ac83058e9b5
E01_gazette_verbis_mix,M7-mix + D3,flores_devtest,full,sq_mk,finetuned_hf,bleu_delta_vs_base,-2.5,,,1012,experiments/E01_gazette_verbis_mix/results/flores_results.csv,852f8b56618255974a7185c5be2efde814478ebbedc24746bcc4361e319e917d
E01_gazette_verbis_mix,M7-mix + D3,flores_devtest,full,sq_mk,finetuned_hf,bleu_p_vs_base,0.001,,,1012,experiments/E01_gazette_verbis_mix/results.json,6b193d2e27554bbd95d725de5266bfec179448002b6ee8dd0eeb2ac83058e9b5
E01_gazette_verbis_mix,M7-mix + D3,flores_devtest,full,sq_mk,finetuned_hf,chrf,49.07,,,1012,experiments/E01_gazette_verbis_mix/results/flores_results.csv,852f8b56618255974a7185c5be2efde814478ebbedc24746bcc4361e319e917d
E01_gazette_verbis_mix,M7-mix + D3,flores_devtest,full,sq_mk,finetuned_hf,chrf_bootstrap_mean,49.06,48.28,49.84,1012,experiments/E01_gazette_verbis_mix/results.json,6b193d2e27554bbd95d725de5266bfec179448002b6ee8dd0eeb2ac83058e9b5
E01_gazette_verbis_mix,M7-mix + D3,flores_devtest,full,sq_mk,finetuned_hf,chrf_delta_vs_base,-0.43,,,1012,experiments/E01_gazette_verbis_mix/results/flores_results.csv,852f8b56618255974a7185c5be2efde814478ebbedc24746bcc4361e319e917d
E01_gazette_verbis_mix,M7-mix + D3,flores_devtest,full,sq_mk,finetuned_hf,chrf_p_vs_base,0.0889,,,1012,experiments/E01_gazette_verbis_mix/results.json,6b193d2e27554bbd95d725de5266bfec179448002b6ee8dd0eeb2ac83058e9b5
E01_gazette_verbis_mix,M7-mix + D3,gazette_test,all,mk_sq,-,share_of_pairs_pct,100.0,,,10174,experiments/E01_gazette_verbis_mix/analysis/gazette_test_overlap_results.csv,3a35994a439cbad90b82b4fe7feabebe4f87819f766ceec5f763f30d1ebc73dc
E01_gazette_verbis_mix,M7-mix + D3,gazette_test,all,mk_sq,finetuned_ct2,bleu,54.08,,,10174,experiments/E01_gazette_verbis_mix/analysis/gazette_test_overlap_results.csv,3a35994a439cbad90b82b4fe7feabebe4f87819f766ceec5f763f30d1ebc73dc
E01_gazette_verbis_mix,M7-mix + D3,gazette_test,all,mk_sq,finetuned_ct2,chrf,72.35,,,10174,experiments/E01_gazette_verbis_mix/analysis/gazette_test_overlap_results.csv,3a35994a439cbad90b82b4fe7feabebe4f87819f766ceec5f763f30d1ebc73dc
E01_gazette_verbis_mix,M7-mix + D3,gazette_test,all,mk_sq,finetuned_hf,bleu,54.02,,,10174,experiments/E01_gazette_verbis_mix/analysis/gazette_test_overlap_results.csv,3a35994a439cbad90b82b4fe7feabebe4f87819f766ceec5f763f30d1ebc73dc
E01_gazette_verbis_mix,M7-mix + D3,gazette_test,all,mk_sq,finetuned_hf,chrf,72.28,,,10174,experiments/E01_gazette_verbis_mix/analysis/gazette_test_overlap_results.csv,3a35994a439cbad90b82b4fe7feabebe4f87819f766ceec5f763f30d1ebc73dc
E01_gazette_verbis_mix,M7-mix + D3,gazette_test,all,sq_mk,-,share_of_pairs_pct,100.0,,,10174,experiments/E01_gazette_verbis_mix/analysis/gazette_test_overlap_results.csv,3a35994a439cbad90b82b4fe7feabebe4f87819f766ceec5f763f30d1ebc73dc
E01_gazette_verbis_mix,M7-mix + D3,gazette_test,all,sq_mk,finetuned_ct2,bleu,63.45,,,10174,experiments/E01_gazette_verbis_mix/analysis/gazette_test_overlap_results.csv,3a35994a439cbad90b82b4fe7feabebe4f87819f766ceec5f763f30d1ebc73dc
E01_gazette_verbis_mix,M7-mix + D3,gazette_test,all,sq_mk,finetuned_ct2,chrf,78.49,,,10174,experiments/E01_gazette_verbis_mix/analysis/gazette_test_overlap_results.csv,3a35994a439cbad90b82b4fe7feabebe4f87819f766ceec5f763f30d1ebc73dc
E01_gazette_verbis_mix,M7-mix + D3,gazette_test,all,sq_mk,finetuned_hf,bleu,63.64,,,10174,experiments/E01_gazette_verbis_mix/analysis/gazette_test_overlap_results.csv,3a35994a439cbad90b82b4fe7feabebe4f87819f766ceec5f763f30d1ebc73dc
E01_gazette_verbis_mix,M7-mix + D3,gazette_test,all,sq_mk,finetuned_hf,chrf,78.55,,,10174,experiments/E01_gazette_verbis_mix/analysis/gazette_test_overlap_results.csv,3a35994a439cbad90b82b4fe7feabebe4f87819f766ceec5f763f30d1ebc73dc
E01_gazette_verbis_mix,M7-mix + D3,gazette_test,all_sentences,mk_sq,finetuned_ct2,number_match_pct,83.58,,,10174,experiments/E01_gazette_verbis_mix/analysis/number_fidelity_results.csv,6c78e3c599941a20fdf29cdb4f774f074fc1c72a9af10076a966eab7585c051a
E01_gazette_verbis_mix,M7-mix + D3,gazette_test,all_sentences,mk_sq,finetuned_hf,number_match_pct,83.87,,,10174,experiments/E01_gazette_verbis_mix/analysis/number_fidelity_results.csv,6c78e3c599941a20fdf29cdb4f774f074fc1c72a9af10076a966eab7585c051a
E01_gazette_verbis_mix,M7-mix + D3,gazette_test,all_sentences,mk_sq,reference,number_match_pct,70.33,,,10174,experiments/E01_gazette_verbis_mix/analysis/number_fidelity_results.csv,6c78e3c599941a20fdf29cdb4f774f074fc1c72a9af10076a966eab7585c051a
E01_gazette_verbis_mix,M7-mix + D3,gazette_test,all_sentences,sq_mk,finetuned_ct2,number_match_pct,82.97,,,10174,experiments/E01_gazette_verbis_mix/analysis/number_fidelity_results.csv,6c78e3c599941a20fdf29cdb4f774f074fc1c72a9af10076a966eab7585c051a
E01_gazette_verbis_mix,M7-mix + D3,gazette_test,all_sentences,sq_mk,finetuned_hf,number_match_pct,83.7,,,10174,experiments/E01_gazette_verbis_mix/analysis/number_fidelity_results.csv,6c78e3c599941a20fdf29cdb4f774f074fc1c72a9af10076a966eab7585c051a
E01_gazette_verbis_mix,M7-mix + D3,gazette_test,all_sentences,sq_mk,reference,number_match_pct,70.33,,,10174,experiments/E01_gazette_verbis_mix/analysis/number_fidelity_results.csv,6c78e3c599941a20fdf29cdb4f774f074fc1c72a9af10076a966eab7585c051a
E01_gazette_verbis_mix,M7-mix + D3,gazette_test,all_terms,mk_sq,finetuned_ct2,tsr,75.8,,,20049,experiments/E01_gazette_verbis_mix/analysis/terminology_results.csv,86879bb8d58c23e008b5090ac8d3e8bf809ae7fd153ea13d1f5995d53e98e141
E01_gazette_verbis_mix,M7-mix + D3,gazette_test,all_terms,mk_sq,finetuned_hf,tsr,75.76,,,20049,experiments/E01_gazette_verbis_mix/analysis/terminology_results.csv,86879bb8d58c23e008b5090ac8d3e8bf809ae7fd153ea13d1f5995d53e98e141
E01_gazette_verbis_mix,M7-mix + D3,gazette_test,all_terms,mk_sq,reference,tsr,73.61,,,20049,experiments/E01_gazette_verbis_mix/analysis/terminology_results.csv,86879bb8d58c23e008b5090ac8d3e8bf809ae7fd153ea13d1f5995d53e98e141
E01_gazette_verbis_mix,M7-mix + D3,gazette_test,all_terms,sq_mk,finetuned_ct2,tsr,67.19,,,9863,experiments/E01_gazette_verbis_mix/analysis/terminology_results.csv,86879bb8d58c23e008b5090ac8d3e8bf809ae7fd153ea13d1f5995d53e98e141
E01_gazette_verbis_mix,M7-mix + D3,gazette_test,all_terms,sq_mk,finetuned_hf,tsr,66.94,,,9863,experiments/E01_gazette_verbis_mix/analysis/terminology_results.csv,86879bb8d58c23e008b5090ac8d3e8bf809ae7fd153ea13d1f5995d53e98e141
E01_gazette_verbis_mix,M7-mix + D3,gazette_test,all_terms,sq_mk,reference,tsr,67.05,,,9863,experiments/E01_gazette_verbis_mix/analysis/terminology_results.csv,86879bb8d58c23e008b5090ac8d3e8bf809ae7fd153ea13d1f5995d53e98e141
E01_gazette_verbis_mix,M7-mix + D3,gazette_test,exact_template,mk_sq,-,share_of_pairs_pct,18.24,,,1856,experiments/E01_gazette_verbis_mix/analysis/gazette_test_overlap_results.csv,3a35994a439cbad90b82b4fe7feabebe4f87819f766ceec5f763f30d1ebc73dc
E01_gazette_verbis_mix,M7-mix + D3,gazette_test,exact_template,mk_sq,finetuned_ct2,bleu,70.97,,,1856,experiments/E01_gazette_verbis_mix/analysis/gazette_test_overlap_results.csv,3a35994a439cbad90b82b4fe7feabebe4f87819f766ceec5f763f30d1ebc73dc
E01_gazette_verbis_mix,M7-mix + D3,gazette_test,exact_template,mk_sq,finetuned_ct2,chrf,81.64,,,1856,experiments/E01_gazette_verbis_mix/analysis/gazette_test_overlap_results.csv,3a35994a439cbad90b82b4fe7feabebe4f87819f766ceec5f763f30d1ebc73dc
E01_gazette_verbis_mix,M7-mix + D3,gazette_test,exact_template,mk_sq,finetuned_hf,bleu,71.03,,,1856,experiments/E01_gazette_verbis_mix/analysis/gazette_test_overlap_results.csv,3a35994a439cbad90b82b4fe7feabebe4f87819f766ceec5f763f30d1ebc73dc
E01_gazette_verbis_mix,M7-mix + D3,gazette_test,exact_template,mk_sq,finetuned_hf,chrf,81.65,,,1856,experiments/E01_gazette_verbis_mix/analysis/gazette_test_overlap_results.csv,3a35994a439cbad90b82b4fe7feabebe4f87819f766ceec5f763f30d1ebc73dc
E01_gazette_verbis_mix,M7-mix + D3,gazette_test,exact_template,sq_mk,-,share_of_pairs_pct,18.24,,,1856,experiments/E01_gazette_verbis_mix/analysis/gazette_test_overlap_results.csv,3a35994a439cbad90b82b4fe7feabebe4f87819f766ceec5f763f30d1ebc73dc
E01_gazette_verbis_mix,M7-mix + D3,gazette_test,exact_template,sq_mk,finetuned_ct2,bleu,77.68,,,1856,experiments/E01_gazette_verbis_mix/analysis/gazette_test_overlap_results.csv,3a35994a439cbad90b82b4fe7feabebe4f87819f766ceec5f763f30d1ebc73dc
E01_gazette_verbis_mix,M7-mix + D3,gazette_test,exact_template,sq_mk,finetuned_ct2,chrf,86.44,,,1856,experiments/E01_gazette_verbis_mix/analysis/gazette_test_overlap_results.csv,3a35994a439cbad90b82b4fe7feabebe4f87819f766ceec5f763f30d1ebc73dc
E01_gazette_verbis_mix,M7-mix + D3,gazette_test,exact_template,sq_mk,finetuned_hf,bleu,78.11,,,1856,experiments/E01_gazette_verbis_mix/analysis/gazette_test_overlap_results.csv,3a35994a439cbad90b82b4fe7feabebe4f87819f766ceec5f763f30d1ebc73dc
E01_gazette_verbis_mix,M7-mix + D3,gazette_test,exact_template,sq_mk,finetuned_hf,chrf,86.66,,,1856,experiments/E01_gazette_verbis_mix/analysis/gazette_test_overlap_results.csv,3a35994a439cbad90b82b4fe7feabebe4f87819f766ceec5f763f30d1ebc73dc
E01_gazette_verbis_mix,M7-mix + D3,gazette_test,full,mk_sq,finetuned_ct2,bleu,54.08,,,10174,experiments/E01_gazette_verbis_mix/results/gazette_test_results.csv,ac5ebb869231b67984029c3b40f9f3700310664bf011704a1df81a2ffaad977e
E01_gazette_verbis_mix,M7-mix + D3,gazette_test,full,mk_sq,finetuned_ct2,bleu_bootstrap_mean,54.08,53.42,54.75,10174,experiments/E01_gazette_verbis_mix/results.json,6b193d2e27554bbd95d725de5266bfec179448002b6ee8dd0eeb2ac83058e9b5
E01_gazette_verbis_mix,M7-mix + D3,gazette_test,full,mk_sq,finetuned_ct2,bleu_delta_vs_base,26.33,,,10174,experiments/E01_gazette_verbis_mix/results/gazette_test_results.csv,ac5ebb869231b67984029c3b40f9f3700310664bf011704a1df81a2ffaad977e
E01_gazette_verbis_mix,M7-mix + D3,gazette_test,full,mk_sq,finetuned_ct2,bleu_p_vs_finetuned_hf,0.0839,,,10174,experiments/E01_gazette_verbis_mix/results.json,6b193d2e27554bbd95d725de5266bfec179448002b6ee8dd0eeb2ac83058e9b5
E01_gazette_verbis_mix,M7-mix + D3,gazette_test,full,mk_sq,finetuned_ct2,chrf,72.35,,,10174,experiments/E01_gazette_verbis_mix/results/gazette_test_results.csv,ac5ebb869231b67984029c3b40f9f3700310664bf011704a1df81a2ffaad977e
E01_gazette_verbis_mix,M7-mix + D3,gazette_test,full,mk_sq,finetuned_ct2,chrf_bootstrap_mean,72.35,71.85,72.86,10174,experiments/E01_gazette_verbis_mix/results.json,6b193d2e27554bbd95d725de5266bfec179448002b6ee8dd0eeb2ac83058e9b5
E01_gazette_verbis_mix,M7-mix + D3,gazette_test,full,mk_sq,finetuned_ct2,chrf_delta_vs_base,22.05,,,10174,experiments/E01_gazette_verbis_mix/results/gazette_test_results.csv,ac5ebb869231b67984029c3b40f9f3700310664bf011704a1df81a2ffaad977e
E01_gazette_verbis_mix,M7-mix + D3,gazette_test,full,mk_sq,finetuned_ct2,chrf_p_vs_finetuned_hf,0.0679,,,10174,experiments/E01_gazette_verbis_mix/results.json,6b193d2e27554bbd95d725de5266bfec179448002b6ee8dd0eeb2ac83058e9b5
E01_gazette_verbis_mix,M7-mix + D3,gazette_test,full,mk_sq,finetuned_hf,bleu,54.02,,,10174,experiments/E01_gazette_verbis_mix/results/gazette_test_results.csv,ac5ebb869231b67984029c3b40f9f3700310664bf011704a1df81a2ffaad977e
E01_gazette_verbis_mix,M7-mix + D3,gazette_test,full,mk_sq,finetuned_hf,bleu_bootstrap_mean,54.02,53.36,54.69,10174,experiments/E01_gazette_verbis_mix/results.json,6b193d2e27554bbd95d725de5266bfec179448002b6ee8dd0eeb2ac83058e9b5
E01_gazette_verbis_mix,M7-mix + D3,gazette_test,full,mk_sq,finetuned_hf,bleu_delta_vs_base,26.27,,,10174,experiments/E01_gazette_verbis_mix/results/gazette_test_results.csv,ac5ebb869231b67984029c3b40f9f3700310664bf011704a1df81a2ffaad977e
E01_gazette_verbis_mix,M7-mix + D3,gazette_test,full,mk_sq,finetuned_hf,bleu_p_vs_base,0.001,,,10174,experiments/E01_gazette_verbis_mix/results.json,6b193d2e27554bbd95d725de5266bfec179448002b6ee8dd0eeb2ac83058e9b5
E01_gazette_verbis_mix,M7-mix + D3,gazette_test,full,mk_sq,finetuned_hf,chrf,72.28,,,10174,experiments/E01_gazette_verbis_mix/results/gazette_test_results.csv,ac5ebb869231b67984029c3b40f9f3700310664bf011704a1df81a2ffaad977e
E01_gazette_verbis_mix,M7-mix + D3,gazette_test,full,mk_sq,finetuned_hf,chrf_bootstrap_mean,72.29,71.78,72.8,10174,experiments/E01_gazette_verbis_mix/results.json,6b193d2e27554bbd95d725de5266bfec179448002b6ee8dd0eeb2ac83058e9b5
E01_gazette_verbis_mix,M7-mix + D3,gazette_test,full,mk_sq,finetuned_hf,chrf_delta_vs_base,21.98,,,10174,experiments/E01_gazette_verbis_mix/results/gazette_test_results.csv,ac5ebb869231b67984029c3b40f9f3700310664bf011704a1df81a2ffaad977e
E01_gazette_verbis_mix,M7-mix + D3,gazette_test,full,mk_sq,finetuned_hf,chrf_p_vs_base,0.001,,,10174,experiments/E01_gazette_verbis_mix/results.json,6b193d2e27554bbd95d725de5266bfec179448002b6ee8dd0eeb2ac83058e9b5
E01_gazette_verbis_mix,M7-mix + D3,gazette_test,full,sq_mk,finetuned_ct2,bleu,63.45,,,10174,experiments/E01_gazette_verbis_mix/results/gazette_test_results.csv,ac5ebb869231b67984029c3b40f9f3700310664bf011704a1df81a2ffaad977e
E01_gazette_verbis_mix,M7-mix + D3,gazette_test,full,sq_mk,finetuned_ct2,bleu_bootstrap_mean,63.46,62.74,64.17,10174,experiments/E01_gazette_verbis_mix/results.json,6b193d2e27554bbd95d725de5266bfec179448002b6ee8dd0eeb2ac83058e9b5
E01_gazette_verbis_mix,M7-mix + D3,gazette_test,full,sq_mk,finetuned_ct2,bleu_delta_vs_base,33.82,,,10174,experiments/E01_gazette_verbis_mix/results/gazette_test_results.csv,ac5ebb869231b67984029c3b40f9f3700310664bf011704a1df81a2ffaad977e
E01_gazette_verbis_mix,M7-mix + D3,gazette_test,full,sq_mk,finetuned_ct2,bleu_p_vs_finetuned_hf,0.002,,,10174,experiments/E01_gazette_verbis_mix/results.json,6b193d2e27554bbd95d725de5266bfec179448002b6ee8dd0eeb2ac83058e9b5
E01_gazette_verbis_mix,M7-mix + D3,gazette_test,full,sq_mk,finetuned_ct2,chrf,78.49,,,10174,experiments/E01_gazette_verbis_mix/results/gazette_test_results.csv,ac5ebb869231b67984029c3b40f9f3700310664bf011704a1df81a2ffaad977e
E01_gazette_verbis_mix,M7-mix + D3,gazette_test,full,sq_mk,finetuned_ct2,chrf_bootstrap_mean,78.49,77.9,79.08,10174,experiments/E01_gazette_verbis_mix/results.json,6b193d2e27554bbd95d725de5266bfec179448002b6ee8dd0eeb2ac83058e9b5
E01_gazette_verbis_mix,M7-mix + D3,gazette_test,full,sq_mk,finetuned_ct2,chrf_delta_vs_base,26.03,,,10174,experiments/E01_gazette_verbis_mix/results/gazette_test_results.csv,ac5ebb869231b67984029c3b40f9f3700310664bf011704a1df81a2ffaad977e
E01_gazette_verbis_mix,M7-mix + D3,gazette_test,full,sq_mk,finetuned_ct2,chrf_p_vs_finetuned_hf,0.1099,,,10174,experiments/E01_gazette_verbis_mix/results.json,6b193d2e27554bbd95d725de5266bfec179448002b6ee8dd0eeb2ac83058e9b5
E01_gazette_verbis_mix,M7-mix + D3,gazette_test,full,sq_mk,finetuned_hf,bleu,63.64,,,10174,experiments/E01_gazette_verbis_mix/results/gazette_test_results.csv,ac5ebb869231b67984029c3b40f9f3700310664bf011704a1df81a2ffaad977e
E01_gazette_verbis_mix,M7-mix + D3,gazette_test,full,sq_mk,finetuned_hf,bleu_bootstrap_mean,63.64,62.9,64.37,10174,experiments/E01_gazette_verbis_mix/results.json,6b193d2e27554bbd95d725de5266bfec179448002b6ee8dd0eeb2ac83058e9b5
E01_gazette_verbis_mix,M7-mix + D3,gazette_test,full,sq_mk,finetuned_hf,bleu_delta_vs_base,34.01,,,10174,experiments/E01_gazette_verbis_mix/results/gazette_test_results.csv,ac5ebb869231b67984029c3b40f9f3700310664bf011704a1df81a2ffaad977e
E01_gazette_verbis_mix,M7-mix + D3,gazette_test,full,sq_mk,finetuned_hf,bleu_p_vs_base,0.001,,,10174,experiments/E01_gazette_verbis_mix/results.json,6b193d2e27554bbd95d725de5266bfec179448002b6ee8dd0eeb2ac83058e9b5
E01_gazette_verbis_mix,M7-mix + D3,gazette_test,full,sq_mk,finetuned_hf,chrf,78.55,,,10174,experiments/E01_gazette_verbis_mix/results/gazette_test_results.csv,ac5ebb869231b67984029c3b40f9f3700310664bf011704a1df81a2ffaad977e
E01_gazette_verbis_mix,M7-mix + D3,gazette_test,full,sq_mk,finetuned_hf,chrf_bootstrap_mean,78.55,77.96,79.13,10174,experiments/E01_gazette_verbis_mix/results.json,6b193d2e27554bbd95d725de5266bfec179448002b6ee8dd0eeb2ac83058e9b5
E01_gazette_verbis_mix,M7-mix + D3,gazette_test,full,sq_mk,finetuned_hf,chrf_delta_vs_base,26.09,,,10174,experiments/E01_gazette_verbis_mix/results/gazette_test_results.csv,ac5ebb869231b67984029c3b40f9f3700310664bf011704a1df81a2ffaad977e
E01_gazette_verbis_mix,M7-mix + D3,gazette_test,full,sq_mk,finetuned_hf,chrf_p_vs_base,0.001,,,10174,experiments/E01_gazette_verbis_mix/results.json,6b193d2e27554bbd95d725de5266bfec179448002b6ee8dd0eeb2ac83058e9b5
E01_gazette_verbis_mix,M7-mix + D3,gazette_test,near_duplicate,mk_sq,-,share_of_pairs_pct,30.34,,,3087,experiments/E01_gazette_verbis_mix/analysis/gazette_test_overlap_results.csv,3a35994a439cbad90b82b4fe7feabebe4f87819f766ceec5f763f30d1ebc73dc
E01_gazette_verbis_mix,M7-mix + D3,gazette_test,near_duplicate,mk_sq,finetuned_ct2,bleu,57.94,,,3087,experiments/E01_gazette_verbis_mix/analysis/gazette_test_overlap_results.csv,3a35994a439cbad90b82b4fe7feabebe4f87819f766ceec5f763f30d1ebc73dc
E01_gazette_verbis_mix,M7-mix + D3,gazette_test,near_duplicate,mk_sq,finetuned_ct2,chrf,75.27,,,3087,experiments/E01_gazette_verbis_mix/analysis/gazette_test_overlap_results.csv,3a35994a439cbad90b82b4fe7feabebe4f87819f766ceec5f763f30d1ebc73dc
E01_gazette_verbis_mix,M7-mix + D3,gazette_test,near_duplicate,mk_sq,finetuned_hf,bleu,57.9,,,3087,experiments/E01_gazette_verbis_mix/analysis/gazette_test_overlap_results.csv,3a35994a439cbad90b82b4fe7feabebe4f87819f766ceec5f763f30d1ebc73dc
E01_gazette_verbis_mix,M7-mix + D3,gazette_test,near_duplicate,mk_sq,finetuned_hf,chrf,75.25,,,3087,experiments/E01_gazette_verbis_mix/analysis/gazette_test_overlap_results.csv,3a35994a439cbad90b82b4fe7feabebe4f87819f766ceec5f763f30d1ebc73dc
E01_gazette_verbis_mix,M7-mix + D3,gazette_test,near_duplicate,sq_mk,-,share_of_pairs_pct,30.34,,,3087,experiments/E01_gazette_verbis_mix/analysis/gazette_test_overlap_results.csv,3a35994a439cbad90b82b4fe7feabebe4f87819f766ceec5f763f30d1ebc73dc
E01_gazette_verbis_mix,M7-mix + D3,gazette_test,near_duplicate,sq_mk,finetuned_ct2,bleu,67.94,,,3087,experiments/E01_gazette_verbis_mix/analysis/gazette_test_overlap_results.csv,3a35994a439cbad90b82b4fe7feabebe4f87819f766ceec5f763f30d1ebc73dc
E01_gazette_verbis_mix,M7-mix + D3,gazette_test,near_duplicate,sq_mk,finetuned_ct2,chrf,81.73,,,3087,experiments/E01_gazette_verbis_mix/analysis/gazette_test_overlap_results.csv,3a35994a439cbad90b82b4fe7feabebe4f87819f766ceec5f763f30d1ebc73dc
E01_gazette_verbis_mix,M7-mix + D3,gazette_test,near_duplicate,sq_mk,finetuned_hf,bleu,68.06,,,3087,experiments/E01_gazette_verbis_mix/analysis/gazette_test_overlap_results.csv,3a35994a439cbad90b82b4fe7feabebe4f87819f766ceec5f763f30d1ebc73dc
E01_gazette_verbis_mix,M7-mix + D3,gazette_test,near_duplicate,sq_mk,finetuned_hf,chrf,81.78,,,3087,experiments/E01_gazette_verbis_mix/analysis/gazette_test_overlap_results.csv,3a35994a439cbad90b82b4fe7feabebe4f87819f766ceec5f763f30d1ebc73dc
E01_gazette_verbis_mix,M7-mix + D3,gazette_test,novel,mk_sq,-,share_of_pairs_pct,51.42,,,5231,experiments/E01_gazette_verbis_mix/analysis/gazette_test_overlap_results.csv,3a35994a439cbad90b82b4fe7feabebe4f87819f766ceec5f763f30d1ebc73dc
E01_gazette_verbis_mix,M7-mix + D3,gazette_test,novel,mk_sq,finetuned_ct2,bleu,48.92,,,5231,experiments/E01_gazette_verbis_mix/analysis/gazette_test_overlap_results.csv,3a35994a439cbad90b82b4fe7feabebe4f87819f766ceec5f763f30d1ebc73dc
E01_gazette_verbis_mix,M7-mix + D3,gazette_test,novel,mk_sq,finetuned_ct2,chrf,69.17,,,5231,experiments/E01_gazette_verbis_mix/analysis/gazette_test_overlap_results.csv,3a35994a439cbad90b82b4fe7feabebe4f87819f766ceec5f763f30d1ebc73dc
E01_gazette_verbis_mix,M7-mix + D3,gazette_test,novel,mk_sq,finetuned_hf,bleu,48.83,,,5231,experiments/E01_gazette_verbis_mix/analysis/gazette_test_overlap_results.csv,3a35994a439cbad90b82b4fe7feabebe4f87819f766ceec5f763f30d1ebc73dc
E01_gazette_verbis_mix,M7-mix + D3,gazette_test,novel,mk_sq,finetuned_hf,chrf,69.07,,,5231,experiments/E01_gazette_verbis_mix/analysis/gazette_test_overlap_results.csv,3a35994a439cbad90b82b4fe7feabebe4f87819f766ceec5f763f30d1ebc73dc
E01_gazette_verbis_mix,M7-mix + D3,gazette_test,novel,sq_mk,-,share_of_pairs_pct,51.42,,,5231,experiments/E01_gazette_verbis_mix/analysis/gazette_test_overlap_results.csv,3a35994a439cbad90b82b4fe7feabebe4f87819f766ceec5f763f30d1ebc73dc
E01_gazette_verbis_mix,M7-mix + D3,gazette_test,novel,sq_mk,finetuned_ct2,bleu,58.41,,,5231,experiments/E01_gazette_verbis_mix/analysis/gazette_test_overlap_results.csv,3a35994a439cbad90b82b4fe7feabebe4f87819f766ceec5f763f30d1ebc73dc
E01_gazette_verbis_mix,M7-mix + D3,gazette_test,novel,sq_mk,finetuned_ct2,chrf,75.34,,,5231,experiments/E01_gazette_verbis_mix/analysis/gazette_test_overlap_results.csv,3a35994a439cbad90b82b4fe7feabebe4f87819f766ceec5f763f30d1ebc73dc
E01_gazette_verbis_mix,M7-mix + D3,gazette_test,novel,sq_mk,finetuned_hf,bleu,58.59,,,5231,experiments/E01_gazette_verbis_mix/analysis/gazette_test_overlap_results.csv,3a35994a439cbad90b82b4fe7feabebe4f87819f766ceec5f763f30d1ebc73dc
E01_gazette_verbis_mix,M7-mix + D3,gazette_test,novel,sq_mk,finetuned_hf,chrf,75.38,,,5231,experiments/E01_gazette_verbis_mix/analysis/gazette_test_overlap_results.csv,3a35994a439cbad90b82b4fe7feabebe4f87819f766ceec5f763f30d1ebc73dc
E01_gazette_verbis_mix,M7-mix + D3,gazette_test,rare_terms,mk_sq,finetuned_ct2,tsr,53.64,,,220,experiments/E01_gazette_verbis_mix/analysis/terminology_results.csv,86879bb8d58c23e008b5090ac8d3e8bf809ae7fd153ea13d1f5995d53e98e141
E01_gazette_verbis_mix,M7-mix + D3,gazette_test,rare_terms,mk_sq,finetuned_hf,tsr,52.73,,,220,experiments/E01_gazette_verbis_mix/analysis/terminology_results.csv,86879bb8d58c23e008b5090ac8d3e8bf809ae7fd153ea13d1f5995d53e98e141
E01_gazette_verbis_mix,M7-mix + D3,gazette_test,rare_terms,mk_sq,reference,tsr,56.82,,,220,experiments/E01_gazette_verbis_mix/analysis/terminology_results.csv,86879bb8d58c23e008b5090ac8d3e8bf809ae7fd153ea13d1f5995d53e98e141
E01_gazette_verbis_mix,M7-mix + D3,gazette_test,rare_terms,sq_mk,finetuned_ct2,tsr,52.34,,,128,experiments/E01_gazette_verbis_mix/analysis/terminology_results.csv,86879bb8d58c23e008b5090ac8d3e8bf809ae7fd153ea13d1f5995d53e98e141
E01_gazette_verbis_mix,M7-mix + D3,gazette_test,rare_terms,sq_mk,finetuned_hf,tsr,51.56,,,128,experiments/E01_gazette_verbis_mix/analysis/terminology_results.csv,86879bb8d58c23e008b5090ac8d3e8bf809ae7fd153ea13d1f5995d53e98e141
E01_gazette_verbis_mix,M7-mix + D3,gazette_test,rare_terms,sq_mk,reference,tsr,78.91,,,128,experiments/E01_gazette_verbis_mix/analysis/terminology_results.csv,86879bb8d58c23e008b5090ac8d3e8bf809ae7fd153ea13d1f5995d53e98e141
E01_gazette_verbis_mix,M7-mix + D3,gazette_test,with_numbers,mk_sq,finetuned_ct2,number_match_pct,79.56,,,8130,experiments/E01_gazette_verbis_mix/analysis/number_fidelity_results.csv,6c78e3c599941a20fdf29cdb4f774f074fc1c72a9af10076a966eab7585c051a
E01_gazette_verbis_mix,M7-mix + D3,gazette_test,with_numbers,mk_sq,finetuned_hf,number_match_pct,79.91,,,8130,experiments/E01_gazette_verbis_mix/analysis/number_fidelity_results.csv,6c78e3c599941a20fdf29cdb4f774f074fc1c72a9af10076a966eab7585c051a
E01_gazette_verbis_mix,M7-mix + D3,gazette_test,with_numbers,mk_sq,reference,number_match_pct,66.51,,,8130,experiments/E01_gazette_verbis_mix/analysis/number_fidelity_results.csv,6c78e3c599941a20fdf29cdb4f774f074fc1c72a9af10076a966eab7585c051a
E01_gazette_verbis_mix,M7-mix + D3,gazette_test,with_numbers,sq_mk,finetuned_ct2,number_match_pct,79.4,,,8320,experiments/E01_gazette_verbis_mix/analysis/number_fidelity_results.csv,6c78e3c599941a20fdf29cdb4f774f074fc1c72a9af10076a966eab7585c051a
E01_gazette_verbis_mix,M7-mix + D3,gazette_test,with_numbers,sq_mk,finetuned_hf,number_match_pct,80.41,,,8320,experiments/E01_gazette_verbis_mix/analysis/number_fidelity_results.csv,6c78e3c599941a20fdf29cdb4f774f074fc1c72a9af10076a966eab7585c051a
E01_gazette_verbis_mix,M7-mix + D3,gazette_test,with_numbers,sq_mk,reference,number_match_pct,64.99,,,8320,experiments/E01_gazette_verbis_mix/analysis/number_fidelity_results.csv,6c78e3c599941a20fdf29cdb4f774f074fc1c72a9af10076a966eab7585c051a
E01_gazette_verbis_mix,M7-mix + D3,ntrex,full,mk_sq,finetuned_ct2,bleu,18.22,,,1997,experiments/E01_gazette_verbis_mix/results/ntrex_results.csv,25e784fa9d7a89e4a0ecf8ebcb9a7e87dc67141fbb9a671e6f9f1aba20f97dd8
E01_gazette_verbis_mix,M7-mix + D3,ntrex,full,mk_sq,finetuned_ct2,bleu_bootstrap_mean,18.22,17.62,18.81,1997,experiments/E01_gazette_verbis_mix/results.json,6b193d2e27554bbd95d725de5266bfec179448002b6ee8dd0eeb2ac83058e9b5
E01_gazette_verbis_mix,M7-mix + D3,ntrex,full,mk_sq,finetuned_ct2,bleu_delta_vs_base,-4.91,,,1997,experiments/E01_gazette_verbis_mix/results/ntrex_results.csv,25e784fa9d7a89e4a0ecf8ebcb9a7e87dc67141fbb9a671e6f9f1aba20f97dd8
E01_gazette_verbis_mix,M7-mix + D3,ntrex,full,mk_sq,finetuned_ct2,bleu_p_vs_finetuned_hf,0.1608,,,1997,experiments/E01_gazette_verbis_mix/results.json,6b193d2e27554bbd95d725de5266bfec179448002b6ee8dd0eeb2ac83058e9b5
E01_gazette_verbis_mix,M7-mix + D3,ntrex,full,mk_sq,finetuned_ct2,chrf,44.54,,,1997,experiments/E01_gazette_verbis_mix/results/ntrex_results.csv,25e784fa9d7a89e4a0ecf8ebcb9a7e87dc67141fbb9a671e6f9f1aba20f97dd8
E01_gazette_verbis_mix,M7-mix + D3,ntrex,full,mk_sq,finetuned_ct2,chrf_bootstrap_mean,44.54,44.06,45.02,1997,experiments/E01_gazette_verbis_mix/results.json,6b193d2e27554bbd95d725de5266bfec179448002b6ee8dd0eeb2ac83058e9b5
E01_gazette_verbis_mix,M7-mix + D3,ntrex,full,mk_sq,finetuned_ct2,chrf_delta_vs_base,-4.37,,,1997,experiments/E01_gazette_verbis_mix/results/ntrex_results.csv,25e784fa9d7a89e4a0ecf8ebcb9a7e87dc67141fbb9a671e6f9f1aba20f97dd8
E01_gazette_verbis_mix,M7-mix + D3,ntrex,full,mk_sq,finetuned_ct2,chrf_p_vs_finetuned_hf,0.2308,,,1997,experiments/E01_gazette_verbis_mix/results.json,6b193d2e27554bbd95d725de5266bfec179448002b6ee8dd0eeb2ac83058e9b5
E01_gazette_verbis_mix,M7-mix + D3,ntrex,full,mk_sq,finetuned_hf,bleu,18.13,,,1997,experiments/E01_gazette_verbis_mix/results/ntrex_results.csv,25e784fa9d7a89e4a0ecf8ebcb9a7e87dc67141fbb9a671e6f9f1aba20f97dd8
E01_gazette_verbis_mix,M7-mix + D3,ntrex,full,mk_sq,finetuned_hf,bleu_bootstrap_mean,18.1,17.48,18.71,1997,experiments/E01_gazette_verbis_mix/results.json,6b193d2e27554bbd95d725de5266bfec179448002b6ee8dd0eeb2ac83058e9b5
E01_gazette_verbis_mix,M7-mix + D3,ntrex,full,mk_sq,finetuned_hf,bleu_delta_vs_base,-5.0,,,1997,experiments/E01_gazette_verbis_mix/results/ntrex_results.csv,25e784fa9d7a89e4a0ecf8ebcb9a7e87dc67141fbb9a671e6f9f1aba20f97dd8
E01_gazette_verbis_mix,M7-mix + D3,ntrex,full,mk_sq,finetuned_hf,bleu_p_vs_base,0.001,,,1997,experiments/E01_gazette_verbis_mix/results.json,6b193d2e27554bbd95d725de5266bfec179448002b6ee8dd0eeb2ac83058e9b5
E01_gazette_verbis_mix,M7-mix + D3,ntrex,full,mk_sq,finetuned_hf,chrf,44.49,,,1997,experiments/E01_gazette_verbis_mix/results/ntrex_results.csv,25e784fa9d7a89e4a0ecf8ebcb9a7e87dc67141fbb9a671e6f9f1aba20f97dd8
E01_gazette_verbis_mix,M7-mix + D3,ntrex,full,mk_sq,finetuned_hf,chrf_bootstrap_mean,44.5,44.01,45.0,1997,experiments/E01_gazette_verbis_mix/results.json,6b193d2e27554bbd95d725de5266bfec179448002b6ee8dd0eeb2ac83058e9b5
E01_gazette_verbis_mix,M7-mix + D3,ntrex,full,mk_sq,finetuned_hf,chrf_delta_vs_base,-4.41,,,1997,experiments/E01_gazette_verbis_mix/results/ntrex_results.csv,25e784fa9d7a89e4a0ecf8ebcb9a7e87dc67141fbb9a671e6f9f1aba20f97dd8
E01_gazette_verbis_mix,M7-mix + D3,ntrex,full,mk_sq,finetuned_hf,chrf_p_vs_base,0.001,,,1997,experiments/E01_gazette_verbis_mix/results.json,6b193d2e27554bbd95d725de5266bfec179448002b6ee8dd0eeb2ac83058e9b5
E01_gazette_verbis_mix,M7-mix + D3,ntrex,full,sq_mk,finetuned_ct2,bleu,17.95,,,1997,experiments/E01_gazette_verbis_mix/results/ntrex_results.csv,25e784fa9d7a89e4a0ecf8ebcb9a7e87dc67141fbb9a671e6f9f1aba20f97dd8
E01_gazette_verbis_mix,M7-mix + D3,ntrex,full,sq_mk,finetuned_ct2,bleu_bootstrap_mean,17.94,17.18,18.71,1997,experiments/E01_gazette_verbis_mix/results.json,6b193d2e27554bbd95d725de5266bfec179448002b6ee8dd0eeb2ac83058e9b5
E01_gazette_verbis_mix,M7-mix + D3,ntrex,full,sq_mk,finetuned_ct2,bleu_delta_vs_base,-3.3,,,1997,experiments/E01_gazette_verbis_mix/results/ntrex_results.csv,25e784fa9d7a89e4a0ecf8ebcb9a7e87dc67141fbb9a671e6f9f1aba20f97dd8
E01_gazette_verbis_mix,M7-mix + D3,ntrex,full,sq_mk,finetuned_ct2,bleu_p_vs_finetuned_hf,0.2767,,,1997,experiments/E01_gazette_verbis_mix/results.json,6b193d2e27554bbd95d725de5266bfec179448002b6ee8dd0eeb2ac83058e9b5
E01_gazette_verbis_mix,M7-mix + D3,ntrex,full,sq_mk,finetuned_ct2,chrf,47.06,,,1997,experiments/E01_gazette_verbis_mix/results/ntrex_results.csv,25e784fa9d7a89e4a0ecf8ebcb9a7e87dc67141fbb9a671e6f9f1aba20f97dd8
E01_gazette_verbis_mix,M7-mix + D3,ntrex,full,sq_mk,finetuned_ct2,chrf_bootstrap_mean,47.06,46.48,47.64,1997,experiments/E01_gazette_verbis_mix/results.json,6b193d2e27554bbd95d725de5266bfec179448002b6ee8dd0eeb2ac83058e9b5
E01_gazette_verbis_mix,M7-mix + D3,ntrex,full,sq_mk,finetuned_ct2,chrf_delta_vs_base,-2.48,,,1997,experiments/E01_gazette_verbis_mix/results/ntrex_results.csv,25e784fa9d7a89e4a0ecf8ebcb9a7e87dc67141fbb9a671e6f9f1aba20f97dd8
E01_gazette_verbis_mix,M7-mix + D3,ntrex,full,sq_mk,finetuned_ct2,chrf_p_vs_finetuned_hf,0.3806,,,1997,experiments/E01_gazette_verbis_mix/results.json,6b193d2e27554bbd95d725de5266bfec179448002b6ee8dd0eeb2ac83058e9b5
E01_gazette_verbis_mix,M7-mix + D3,ntrex,full,sq_mk,finetuned_hf,bleu,17.98,,,1997,experiments/E01_gazette_verbis_mix/results/ntrex_results.csv,25e784fa9d7a89e4a0ecf8ebcb9a7e87dc67141fbb9a671e6f9f1aba20f97dd8
E01_gazette_verbis_mix,M7-mix + D3,ntrex,full,sq_mk,finetuned_hf,bleu_bootstrap_mean,17.98,17.28,18.67,1997,experiments/E01_gazette_verbis_mix/results.json,6b193d2e27554bbd95d725de5266bfec179448002b6ee8dd0eeb2ac83058e9b5
E01_gazette_verbis_mix,M7-mix + D3,ntrex,full,sq_mk,finetuned_hf,bleu_delta_vs_base,-3.26,,,1997,experiments/E01_gazette_verbis_mix/results/ntrex_results.csv,25e784fa9d7a89e4a0ecf8ebcb9a7e87dc67141fbb9a671e6f9f1aba20f97dd8
E01_gazette_verbis_mix,M7-mix + D3,ntrex,full,sq_mk,finetuned_hf,bleu_p_vs_base,0.001,,,1997,experiments/E01_gazette_verbis_mix/results.json,6b193d2e27554bbd95d725de5266bfec179448002b6ee8dd0eeb2ac83058e9b5
E01_gazette_verbis_mix,M7-mix + D3,ntrex,full,sq_mk,finetuned_hf,chrf,47.05,,,1997,experiments/E01_gazette_verbis_mix/results/ntrex_results.csv,25e784fa9d7a89e4a0ecf8ebcb9a7e87dc67141fbb9a671e6f9f1aba20f97dd8
E01_gazette_verbis_mix,M7-mix + D3,ntrex,full,sq_mk,finetuned_hf,chrf_bootstrap_mean,47.05,46.49,47.61,1997,experiments/E01_gazette_verbis_mix/results.json,6b193d2e27554bbd95d725de5266bfec179448002b6ee8dd0eeb2ac83058e9b5
E01_gazette_verbis_mix,M7-mix + D3,ntrex,full,sq_mk,finetuned_hf,chrf_delta_vs_base,-2.49,,,1997,experiments/E01_gazette_verbis_mix/results/ntrex_results.csv,25e784fa9d7a89e4a0ecf8ebcb9a7e87dc67141fbb9a671e6f9f1aba20f97dd8
E01_gazette_verbis_mix,M7-mix + D3,ntrex,full,sq_mk,finetuned_hf,chrf_p_vs_base,0.001,,,1997,experiments/E01_gazette_verbis_mix/results.json,6b193d2e27554bbd95d725de5266bfec179448002b6ee8dd0eeb2ac83058e9b5
